iso,language_name,utterances,hours,mean_duration,median_duration,max_duration,speakers
kik,Kikuyu,126985,202.97366344006943,5.754445061735614,4.160499,92.07923126,498
kln,Kalenjin,96219,496.2588990783867,18.56658009708897,6.6588206,106.3188629,652
luo,Luo / Dholuo,131416,681.6986494072112,18.674543529018454,6.880499,141.89764,1100
mas,Maasai,59094,482.6729930099056,29.40289312208166,18.042404,101.0404968,736
som,Somali,89800,478.18511225447776,19.170217976994397,6.240499,100.9605,590
swa,Swahili,558825,3201.1844427874994,20.62231287797611,19.92,157.328,1
